snapshot_date,id,name,full_name,html_url,description,stargazers_count,forks_count,open_issues_count,contributors_count,hot_score,language,topics,created_at,updated_at,pushed_at
2026-03-19,660551251,MetaGPT,FoundationAgents/MetaGPT,https://github.com/FoundationAgents/MetaGPT,"🌟 The Multi-Agent Framework: First AI Software Company, Towards Natural Language Programming",65585,8265,94,100,41840.5,Python,"agent,gpt,llm,metagpt,multi-agent",2023-06-30T09:04:55Z,2026-03-19T09:26:03Z,2026-01-21T10:12:33Z
2026-03-20,660551251,MetaGPT,FoundationAgents/MetaGPT,https://github.com/FoundationAgents/MetaGPT,"🌟 The Multi-Agent Framework: First AI Software Company, Towards Natural Language Programming",65642,8272,94,100,41876.8,Python,"agent,gpt,llm,metagpt,multi-agent",2023-06-30T09:04:55Z,2026-03-20T06:58:02Z,2026-01-21T10:12:33Z
2026-03-19,649170660,anything-llm,Mintplex-Labs/anything-llm,https://github.com/Mintplex-Labs/anything-llm,The all-in-one AI productivity accelerator. On device and privacy first with no annoying setup or configuration.,56451,6098,306,100,35710.0,JavaScript,"ai-agents,custom-ai-agents,deepseek,kimi,llama3,llm,lmstudio,local-llm,localai,mcp,mcp-servers,moonshot,multimodal,no-code,ollama,qwen3,rag,vector-database,web-scraping",2023-06-04T02:29:14Z,2026-03-19T09:16:35Z,2026-03-19T02:56:49Z
2026-03-20,649170660,anything-llm,Mintplex-Labs/anything-llm,https://github.com/Mintplex-Labs/anything-llm,The all-in-one AI productivity accelerator. On device and privacy first with no annoying setup or configuration.,56495,6101,308,100,35737.3,JavaScript,"ai-agents,custom-ai-agents,deepseek,kimi,llama3,llm,lmstudio,local-llm,localai,mcp,mcp-servers,moonshot,multimodal,no-code,ollama,qwen3,rag,vector-database,web-scraping",2023-06-04T02:29:14Z,2026-03-20T07:00:13Z,2026-03-20T04:10:41Z
2026-03-19,771302083,OpenHands,OpenHands/OpenHands,https://github.com/OpenHands/OpenHands,🙌 OpenHands: AI-Driven Development,69388,8698,330,100,44252.2,Python,"agent,artificial-intelligence,chatgpt,claude-ai,cli,developer-tools,gpt,llm,openai",2024-03-13T03:33:31Z,2026-03-19T09:29:08Z,2026-03-19T09:10:08Z
2026-03-20,771302083,OpenHands,OpenHands/OpenHands,https://github.com/OpenHands/OpenHands,🙌 OpenHands: AI-Driven Development,69450,8710,325,100,44293.0,Python,"agent,artificial-intelligence,chatgpt,claude-ai,cli,developer-tools,gpt,llm,openai",2024-03-13T03:33:31Z,2026-03-20T06:49:53Z,2026-03-20T03:07:03Z
2026-03-19,1136590548,everything-claude-code,affaan-m/everything-claude-code,https://github.com/affaan-m/everything-claude-code,"The agent harness performance optimization system. Skills, instincts, memory, security, and research-first development for Claude Code, Codex, Opencode, Cursor and beyond.",86621,11339,66,92,55383.49999999999,JavaScript,"ai-agents,anthropic,claude,claude-code,developer-tools,llm,mcp,productivity",2026-01-18T00:51:51Z,2026-03-19T09:29:10Z,2026-03-18T21:34:15Z
2026-03-20,1136590548,everything-claude-code,affaan-m/everything-claude-code,https://github.com/affaan-m/everything-claude-code,"The agent harness performance optimization system. Skills, instincts, memory, security, and research-first development for Claude Code, Codex, Opencode, Cursor and beyond.",88935,11652,65,95,56866.1,JavaScript,"ai-agents,anthropic,claude,claude-code,developer-tools,llm,mcp,productivity",2026-01-18T00:51:51Z,2026-03-20T07:00:15Z,2026-03-20T05:47:47Z
2026-03-19,881458615,browser-use,browser-use/browser-use,https://github.com/browser-use/browser-use,🌐 Make websites accessible for AI agents. Automate tasks online with ease.,81279,9603,224,100,51658.3,Python,"ai-agents,ai-tools,browser-automation,browser-use,llm,playwright,python",2024-10-31T16:00:56Z,2026-03-19T09:28:49Z,2026-03-19T01:08:01Z
2026-03-20,881458615,browser-use,browser-use/browser-use,https://github.com/browser-use/browser-use,🌐 Make websites accessible for AI agents. Automate tasks online with ease.,81355,9612,228,100,51706.6,Python,"ai-agents,ai-tools,browser-automation,browser-use,llm,playwright,python",2024-10-31T16:00:56Z,2026-03-20T06:58:17Z,2026-03-20T06:33:12Z
2026-03-19,574523116,prompts.chat,f/prompts.chat,https://github.com/f/prompts.chat,"f.k.a. Awesome ChatGPT Prompts. Share, discover, and collect prompts from the community. Free and open source — self-host for your organization with complete privacy.",153284,20166,32,100,98030.2,HTML,"ai,artificial-intelligence,awesome-list,chatgpt,chatgpt-prompts,claude,gemini,gpt,gpt-4,llm,machine-learning,nextjs,open-source,openai,prompt-engineering,prompts,prompts-chat,typescript",2022-12-05T13:54:13Z,2026-03-19T09:22:49Z,2026-03-19T07:29:47Z
2026-03-20,574523116,prompts.chat,f/prompts.chat,https://github.com/f/prompts.chat,"f.k.a. Awesome ChatGPT Prompts. Share, discover, and collect prompts from the community. Free and open source — self-host for your organization with complete privacy.",153384,20190,36,100,98097.4,HTML,"ai,artificial-intelligence,awesome-list,chatgpt,chatgpt-prompts,claude,gemini,gpt,gpt-4,llm,machine-learning,nextjs,open-source,openai,prompt-engineering,prompts,prompts-chat,typescript",2022-12-05T13:54:13Z,2026-03-20T06:54:17Z,2026-03-20T03:50:59Z
2026-03-19,787076358,firecrawl,firecrawl/firecrawl,https://github.com/firecrawl/firecrawl,🔥 The Web Data API for AI - Turn entire websites into LLM-ready markdown or structured data,95041,6510,219,100,58987.6,TypeScript,"ai,ai-agents,ai-crawler,ai-scraping,ai-search,crawler,data-extraction,html-to-markdown,llm,markdown,scraper,scraping,web-crawler,web-data,web-data-extraction,web-scraper,web-scraping,web-search,webscraping",2024-04-15T21:02:29Z,2026-03-19T09:28:14Z,2026-03-19T05:51:53Z
2026-03-20,787076358,firecrawl,firecrawl/firecrawl,https://github.com/firecrawl/firecrawl,🔥 The Web Data API for AI - Turn entire websites into LLM-ready markdown or structured data,95451,6522,220,100,59237.2,TypeScript,"ai,ai-agents,ai-crawler,ai-scraping,ai-search,crawler,data-extraction,html-to-markdown,llm,markdown,scraper,scraping,web-crawler,web-data,web-data-extraction,web-scraper,web-scraping,web-search,webscraping",2024-04-15T21:02:29Z,2026-03-20T07:00:22Z,2026-03-20T03:40:21Z
2026-03-19,646410686,LlamaFactory,hiyouga/LlamaFactory,https://github.com/hiyouga/LlamaFactory,Unified Efficient Fine-Tuning of 100+ LLMs & VLMs (ACL 2024),68710,8374,931,100,43748.2,Python,"agent,ai,deepseek,fine-tuning,gemma,gpt,instruction-tuning,large-language-models,llama,llama3,llm,lora,moe,nlp,peft,qlora,quantization,qwen,rlhf,transformers",2023-05-28T10:09:12Z,2026-03-19T09:18:10Z,2026-03-18T11:18:06Z
2026-03-20,646410686,LlamaFactory,hiyouga/LlamaFactory,https://github.com/hiyouga/LlamaFactory,Unified Efficient Fine-Tuning of 100+ LLMs & VLMs (ACL 2024),68760,8385,933,100,43781.5,Python,"agent,ai,deepseek,fine-tuning,gemma,gpt,instruction-tuning,large-language-models,llama,llama3,llm,lora,moe,nlp,peft,qlora,quantization,qwen,rlhf,transformers",2023-05-28T10:09:12Z,2026-03-20T06:32:17Z,2026-03-18T11:18:06Z
2026-03-19,155220641,transformers,huggingface/transformers,https://github.com/huggingface/transformers,"🤗 Transformers: the model-definition framework for state-of-the-art machine learning models in text, vision, audio, and multimodal models, for both inference and training. ",158071,32541,2291,100,104614.9,Python,"audio,deep-learning,deepseek,gemma,glm,hacktoberfest,llm,machine-learning,model-hub,natural-language-processing,nlp,pretrained-models,python,pytorch,pytorch-transformers,qwen,speech-recognition,transformer,vlm",2018-10-29T13:56:00Z,2026-03-19T09:22:21Z,2026-03-19T08:49:25Z
2026-03-20,155220641,transformers,huggingface/transformers,https://github.com/huggingface/transformers,"🤗 Transformers: the model-definition framework for state-of-the-art machine learning models in text, vision, audio, and multimodal models, for both inference and training. ",158127,32556,2283,100,104653.0,Python,"audio,deep-learning,deepseek,gemma,glm,hacktoberfest,llm,machine-learning,model-hub,natural-language-processing,nlp,pretrained-models,python,pytorch,pytorch-transformers,qwen,speech-recognition,transformer,vlm",2018-10-29T13:56:00Z,2026-03-20T05:51:11Z,2026-03-19T21:22:29Z
2026-03-19,730534580,ragflow,infiniflow/ragflow,https://github.com/infiniflow/ragflow,RAGFlow is a leading open-source Retrieval-Augmented Generation (RAG) engine that fuses cutting-edge RAG with Agent capabilities to create a superior context layer for LLMs,75480,8453,3130,100,47833.9,Python,"agent,agentic,agentic-ai,agentic-workflow,ai,ai-search,context-engineering,context-retrieval,deep-research,deepseek,deepseek-r1,document-parser,document-understanding,graphrag,llm,mcp,ollama,openai,rag,retrieval-augmented-generation",2023-12-12T06:13:13Z,2026-03-19T09:26:56Z,2026-03-19T09:06:55Z
2026-03-20,730534580,ragflow,infiniflow/ragflow,https://github.com/infiniflow/ragflow,RAGFlow is a leading open-source Retrieval-Augmented Generation (RAG) engine that fuses cutting-edge RAG with Agent capabilities to create a superior context layer for LLMs,75567,8466,3139,100,47890.0,Python,"agent,agentic,agentic-ai,agentic-workflow,ai,ai-search,context-engineering,context-retrieval,deep-research,deepseek,deepseek-r1,document-parser,document-understanding,graphrag,llm,mcp,ollama,openai,rag,retrieval-augmented-generation",2023-12-12T06:13:13Z,2026-03-20T06:50:30Z,2026-03-20T05:15:41Z
2026-03-19,552661142,langchain,langchain-ai/langchain,https://github.com/langchain-ai/langchain,The agent engineering platform,130167,21464,505,100,84549.4,Python,"agents,ai,ai-agents,anthropic,chatgpt,deepagents,enterprise,framework,gemini,generative-ai,langchain,langgraph,llm,multiagent,open-source,openai,pydantic,python,rag",2022-10-17T02:58:36Z,2026-03-19T09:26:24Z,2026-03-19T08:18:52Z
2026-03-20,552661142,langchain,langchain-ai/langchain,https://github.com/langchain-ai/langchain,The agent engineering platform,130304,21488,475,100,84638.79999999999,Python,"agents,ai,ai-agents,anthropic,chatgpt,deepagents,enterprise,framework,gemini,generative-ai,langchain,langgraph,llm,multiagent,open-source,openai,pydantic,python,rag",2022-10-17T02:58:36Z,2026-03-20T06:59:13Z,2026-03-19T23:35:49Z
2026-03-19,626805178,dify,langgenius/dify,https://github.com/langgenius/dify,Production-ready platform for agentic workflow development.,133517,20792,804,100,86357.8,TypeScript,"agent,agentic-ai,agentic-framework,agentic-workflow,ai,automation,gemini,genai,gpt,gpt-4,llm,low-code,mcp,nextjs,no-code,openai,orchestration,python,rag,workflow",2023-04-12T07:40:24Z,2026-03-19T09:28:05Z,2026-03-19T09:08:37Z
2026-03-20,626805178,dify,langgenius/dify,https://github.com/langgenius/dify,Production-ready platform for agentic workflow development.,133651,20818,808,100,86445.99999999999,TypeScript,"agent,agentic-ai,agentic-framework,agentic-workflow,ai,automation,gemini,genai,gpt,gpt-4,llm,low-code,mcp,nextjs,no-code,openai,orchestration,python,rag,workflow",2023-04-12T07:40:24Z,2026-03-20T06:56:01Z,2026-03-20T06:58:41Z
2026-03-19,656099147,mem0,mem0ai/mem0,https://github.com/mem0ai/mem0,Universal memory layer for AI Agents,50378,5608,677,100,31919.2,Python,"agents,ai,ai-agents,application,chatbots,chatgpt,genai,llm,long-term-memory,memory,memory-management,python,rag,state-management",2023-06-20T08:58:36Z,2026-03-19T09:28:08Z,2026-03-19T08:45:38Z
2026-03-20,656099147,mem0,mem0ai/mem0,https://github.com/mem0ai/mem0,Universal memory layer for AI Agents,50472,5627,649,100,31981.3,Python,"agents,ai,ai-agents,application,chatbots,chatgpt,genai,llm,long-term-memory,memory,memory-management,python,rag,state-management",2023-06-20T08:58:36Z,2026-03-20T06:58:28Z,2026-03-20T06:57:10Z
2026-03-19,655099582,llm-course,mlabonne/llm-course,https://github.com/mlabonne/llm-course,Course to get into Large Language Models (LLMs) with roadmaps and Colab notebooks.,77030,8905,78,3,48889.8,,"course,large-language-models,llm,machine-learning,roadmap",2023-06-17T22:16:25Z,2026-03-19T09:17:34Z,2026-02-05T13:09:26Z
2026-03-20,655099582,llm-course,mlabonne/llm-course,https://github.com/mlabonne/llm-course,Course to get into Large Language Models (LLMs) with roadmaps and Colab notebooks.,77089,8909,78,3,48926.4,,"course,large-language-models,llm,machine-learning,roadmap",2023-06-17T22:16:25Z,2026-03-20T06:16:22Z,2026-02-05T13:09:26Z
2026-03-19,658928958,ollama,ollama/ollama,https://github.com/ollama/ollama,"Get up and running with Kimi-K2.5, GLM-5, MiniMax, DeepSeek, gpt-oss, Qwen, Gemma and other models.",165541,15052,2679,100,103850.2,Go,"deepseek,gemma,gemma3,glm,go,golang,gpt-oss,llama,llama3,llm,llms,minimax,mistral,ollama,qwen",2023-06-26T19:39:32Z,2026-03-19T09:26:11Z,2026-03-19T00:09:53Z
2026-03-20,658928958,ollama,ollama/ollama,https://github.com/ollama/ollama,"Get up and running with Kimi-K2.5, GLM-5, MiniMax, DeepSeek, gpt-oss, Qwen, Gemma and other models.",165635,15067,2695,100,103911.1,Go,"deepseek,gemma,gemma3,glm,go,golang,gpt-oss,llama,llama3,llm,llms,minimax,mistral,ollama,qwen",2023-06-26T19:39:32Z,2026-03-20T06:44:18Z,2026-03-20T00:44:30Z
2026-03-19,701547123,open-webui,open-webui/open-webui,https://github.com/open-webui/open-webui,"User-friendly AI Interface (Supports Ollama, OpenAI API, ...)",127806,18061,311,100,82111.9,Python,"ai,llm,llm-ui,llm-webui,llms,mcp,ollama,ollama-webui,open-webui,openai,openapi,rag,self-hosted,ui,webui",2023-10-06T22:08:27Z,2026-03-19T09:22:37Z,2026-03-18T22:42:25Z
2026-03-20,701547123,open-webui,open-webui/open-webui,https://github.com/open-webui/open-webui,"User-friendly AI Interface (Supports Ollama, OpenAI API, ...)",127942,18078,322,100,82198.59999999999,Python,"ai,llm,llm-ui,llm-webui,llms,mcp,ollama,ollama-webui,open-webui,openai,openapi,rag,self-hosted,ui,webui",2023-10-06T22:08:27Z,2026-03-20T07:00:03Z,2026-03-20T00:52:44Z
2026-03-19,668195240,llm-app,pathwaycom/llm-app,https://github.com/pathwaycom/llm-app,"Ready-to-run cloud templates for RAG, AI pipelines, and enterprise search with live data. 🐳Docker-friendly.⚡Always in sync with Sharepoint, Google Drive, S3, Kafka, PostgreSQL, real-time data APIs, and more.",57451,1388,8,23,34889.3,Jupyter Notebook,"chatbot,hugging-face,llm,llm-local,llm-prompting,llm-security,llmops,machine-learning,open-ai,pathway,rag,real-time,retrieval-augmented-generation,vector-database,vector-index",2023-07-19T08:43:37Z,2026-03-19T09:28:04Z,2026-01-07T11:59:38Z
2026-03-20,668195240,llm-app,pathwaycom/llm-app,https://github.com/pathwaycom/llm-app,"Ready-to-run cloud templates for RAG, AI pipelines, and enterprise search with live data. 🐳Docker-friendly.⚡Always in sync with Sharepoint, Google Drive, S3, Kafka, PostgreSQL, real-time data APIs, and more.",57850,1392,8,23,35129.9,Jupyter Notebook,"chatbot,hugging-face,llm,llm-local,llm-prompting,llm-security,llmops,machine-learning,open-ai,pathway,rag,real-time,retrieval-augmented-generation,vector-database,vector-index",2023-07-19T08:43:37Z,2026-03-20T06:59:47Z,2026-01-07T11:59:38Z
2026-03-19,669879380,LLMs-from-scratch,rasbt/LLMs-from-scratch,https://github.com/rasbt/LLMs-from-scratch,"Implement a ChatGPT-like LLM in PyTorch from scratch, step by step",88702,13542,5,57,57289.49999999999,Jupyter Notebook,"ai,artificial-intelligence,chatbot,chatgpt,deep-learning,from-scratch,generative-ai,gpt,language-model,large-language-models,llm,machine-learning,neural-networks,python,pytorch,transformers",2023-07-23T18:15:57Z,2026-03-19T09:19:09Z,2026-03-07T23:05:50Z
2026-03-20,669879380,LLMs-from-scratch,rasbt/LLMs-from-scratch,https://github.com/rasbt/LLMs-from-scratch,"Implement a ChatGPT-like LLM in PyTorch from scratch, step by step",88784,13566,7,57,57345.9,Jupyter Notebook,"ai,artificial-intelligence,chatbot,chatgpt,deep-learning,from-scratch,generative-ai,gpt,language-model,large-language-models,llm,machine-learning,neural-networks,python,pytorch,transformers",2023-07-23T18:15:57Z,2026-03-20T06:49:39Z,2026-03-07T23:05:50Z
2026-03-19,725205304,unsloth,unslothai/unsloth,https://github.com/unslothai/unsloth,"Unified web UI for training and running open models like Qwen, DeepSeek, gpt-oss and Gemma locally.",56250,4714,984,100,35174.2,Python,"agent,deepseek,deepseek-r1,fine-tuning,gemma,gemma3,gpt-oss,llama,llama3,llm,llms,mistral,openai,qwen,qwen3,reinforcement-learning,text-to-speech,tts,unsloth,voice-cloning",2023-11-29T16:50:09Z,2026-03-19T09:28:58Z,2026-03-19T09:28:53Z
2026-03-20,725205304,unsloth,unslothai/unsloth,https://github.com/unslothai/unsloth,"Unified web UI for training and running open models like Qwen, DeepSeek, gpt-oss and Gemma locally.",56885,4775,997,100,35573.5,Python,"agent,deepseek,deepseek-r1,fine-tuning,gemma,gemma3,gpt-oss,llama,llama3,llm,llms,mistral,openai,qwen,qwen3,reinforcement-learning,text-to-speech,tts,unsloth,voice-cloning",2023-11-29T16:50:09Z,2026-03-20T06:59:48Z,2026-03-20T06:57:42Z
2026-03-19,599547518,vllm,vllm-project/vllm,https://github.com/vllm-project/vllm,A high-throughput and memory-efficient inference and serving engine for LLMs,73637,14535,3787,100,48552.7,Python,"amd,blackwell,cuda,deepseek,deepseek-v3,gpt,gpt-oss,inference,kimi,llama,llm,llm-serving,model-serving,moe,openai,pytorch,qwen,qwen3,tpu,transformer",2023-02-09T11:23:20Z,2026-03-19T09:23:31Z,2026-03-19T09:23:24Z
2026-03-20,599547518,vllm,vllm-project/vllm,https://github.com/vllm-project/vllm,A high-throughput and memory-efficient inference and serving engine for LLMs,73756,14565,3811,100,48633.1,Python,"amd,blackwell,cuda,deepseek,deepseek-v3,gpt,gpt-oss,inference,kimi,llama,llm,llm-serving,model-serving,moe,openai,pytorch,qwen,qwen3,tpu,transformer",2023-02-09T11:23:20Z,2026-03-20T06:54:19Z,2026-03-20T06:35:47Z
